Energy_keV,Angle_deg
815.59,0.067631
1283.01,0.0373633
799.403,0.0452858
912.884,0.0759805
638.493,0.0637022
767.83,0.0619323
701.027,0.144391
1170.54,0.0430235
762.688,0.0230698
654.412,0.07905
911.415,0.00726051
734.796,0.0818752
1163.19,0.0137815
647.149,0.0132068
1309.84,0.0730117
835.306,0.0509384
948.56,0.0106807
794.831,0.0559676
657.758,0.142139
935.301,0.0351252
637.406,0.0142772
710.17,0.149153
698.091,0.117185
1241.8,0.0135619
1142.75,0.0158893
741.449,0.0437547
746.979,0.076157
762.046,0.0622709
731.579,0.140033
887.56,0.0626086
858.123,0.033023
690.793,0.0373137
632.309,0.0666493
683.541,0.0652359
696.278,0.0451609
716.722,0.14242
694.473,0.0986994
684.787,0.0814756
703.89,0.0509353
731.993,0.0502821
1160.43,0.0216679
659.366,0.0590904
999.737,0.0201508
800.05,0.0754671
608.587,0.0443332
829.109,0.0409519
729.594,0.0332103
650.212,0.0263364
682.679,0.0812561
792.947,0.0528896
668.315,0.048389
887.131,0.0628966
688.471,0.0470392
883.265,0.131311
1258.69,0.0774754
751.348,0.088429
980.651,0.0315116
710.941,0.0535299
651.059,0.0380793
673.998,0.0838573
816.827,0.0199643
872.976,0.0549437
839.098,0.0645538
685.524,0.131845
693.894,0.0290465
777.225,0.0965496
1230.72,0.0242532
1131.99,0.0238219
719.879,0.063822
856.028,0.103945
833.435,0.0157395
820.341,0.101722
375.714,0.0504285
64.7468,0
1970.56,0.45312
388.01,0.0171815
964.148,0.0543043
1212.58,0.00162665
805.583,0.080669
905.334,0.0422212
624.79,0.0562421
128.182,0.0128758
96.6763,70.2553
38.0521,70.9753
38.8831,43.7568
59.5868,28.126
84.6571,29.048
58.7889,33.7606
45.976,31.5507
46.6411,31.2751
39.4165,44.9343
54.0544,35.6612
37.4478,19.7348
36.5495,3.37434
114.624,51.2874
29.975,55.0118
44.5052,22.9892
78.4102,32.148
36.0499,27.7331
47.2298,25.9702
59.6421,32.8078
57.994,64.8566
73.5102,17.684
65.1639,40.0293
116.577,72.902
289.554,0
811.238,0.0309181
940.968,0.031361
770.266,0.0364886
778.025,0.047239
774.684,0.0664852
723.186,0.0676633
152.131,0.047436
521.088,0.124931
103.358,23.6192
115.296,69.1137
171.191,59.7699
64.9123,57.9472
441.622,0
697.773,0.132872
816.828,0.0599721
831.813,0.069412
655.553,0.105871
750.445,0.104515
885.954,0.0211594
674.705,0.0305359
794.633,0.115792
798.733,0.1009
1274.61,0.0538518
700.946,0.0220076
642.043,0.106317
648.039,0.0863385
709.282,0.0735867
200.27,0.0683052
462.199,0.0724504
125.983,29.8557
196.079,29.7974
193.159,3.21768
29.5077,11.2837
675.618,0.0119132
788.504,0.0669731
697.647,0.0300199
716.569,0.0371043
692.411,0.111494
966.688,0.0991751
955.875,0.0670702
727.355,0.0540973
643.691,0.0848827
783.463,0.059173
658.097,0.02996
658.755,0.0399389
927.373,0.0491338
864.56,0.116023
773.827,0.050464
865.379,0.0405056
566.373,0.0793001
166.975,0.0104732
99.2772,20.1287
235.083,12.0272
99.4915,0.90838
60.9443,65.1795
65.3411,37.4298
49.6873,15.7916
54.9246,13.4357
36.6442,8.9737
663.343,0.0820621
779.969,0.0508815
604.347,0.0582113
768.438,0.0462845
715.844,0.0268939
805.274,0.0296845
1151.23,0.120329
666.618,0.0130321
1046.37,0.126684
794.335,0.0675671
699.969,0.0462973
758.285,0.103043
726.024,0.0222205
884.394,0.0451994
620.821,0.0603818
709.947,0.0341566
1248.27,0.0570136
894.255,0.0677516
810.493,0.115002
742.717,0.0639604
649.965,0.0127326
719.543,0.0282465
813.429,0.0410114
1143.82,0.0870213
665.327,0.0382686
379.485,0.136195
249.106,0.0134837
330.805,2.24357
686.62,0.0273132
269.726,0.0603489
421.02,0.0441992
233.84,103.216
636.429,0
739.663,0.0297301
862.309,0.0793273
694.007,0.0202635
1653.05,0.0967329
1098.4,0.023858
919.203,0.0501145
671.506,0.0883181
928.73,0.0388219
1575.53,0.0694379
891.239,0.0217073
713.539,0.0476506
885.601,0.0668146
874.866,0.032975
657.823,0.0878937
686.931,0.117063
1074.41,0
6103.81,4.54579
5914.11,1.64313
5944.25,1.40218
5536.4,0.558216
5619.72,5.64677
6553.12,4.38367
1710.49,0
4503.38,4.67949
3352.49,12.1082
96.7281,18.2662
6.3027,0
4196.92,3.68218
2847.9,2.86373
6520.7,3.39825
5782.97,1.83126
5145.25,2.24179
4717.99,3.53559
4286.01,3.14993
4257.04,2.92007
3992.21,1.50944
4365.43,2.73792
4809.3,4.36414
1666.53,12.7596
1535.8,1.59802
2838.02,1.18351
650.61,0.0791843
890.623,0.0490497
765.374,0.0612008
571.216,0.0332615
164.49,0.00861252
136.553,23.3751
700.758,0.0902489
718.274,0.0524146
763.708,0.0260862
701.763,0.0144946
868.789,0.0548257
1010.51,0.0554731
683.555,0.0236633
671.57,0.026624
687.877,0.0441267
714.611,0.273583
948.997,0.0269872
699.637,0.0185565
740.507,0.117793
730.386,0.12325
696.992,0.0503554
864.817,0.0749883
844.68,0.0921121
723.427,0.0643687
766.926,0.016125
706.222,0.0416383
874.188,0.019252
757.996,0.0536656
200.154,0.0283786
540.045,0.0718617
140.739,23.9233
163.423,2.29941
547.587,16.0757
217.553,24.0896
670.773,0.0317056
755.517,0.041449
725.465,0.0844754
746.839,0.0180072
728.659,0.075904
682.238,0.0565854
273.696,0.043907
343.808,0.0864263
407.777,48.9279
620.739,0
253.992,0.0210177
451.536,0.0375187
161.383,61.616
217.751,76.4874
82.9146,44.0214
83.5906,15.9693
72.2703,42.7649
32.4407,51.2394
47.1331,85.4975
41.2256,55.7314
52.1312,42.5248
29.6736,51.4561
58.0309,72.7564
87.7954,0
1008.96,0.0764177
183.533,0.0210868
585.331,0
5804.74,0.474191
558.405,0.084748
637.052,0.148446
525.072,0.0564008
6473.97,0
5675.2,2.74734
6394.81,6.30489
3090.85,0
6070.87,0
14725.3,0.805647
154.61,0
4683.45,3.70015
2387.92,1.76021
4089.38,3.13096
4628.05,5.12902
2831.43,2.06363
30.6069,0
434.891,0.96904
871.625,0.0398455
16202.2,1.6631
11968.1,0.413147
1028.79,0.0743937
736.163,0.0593603
663.151,0.0750734
1288.87,0.0580563
725.043,0.175559
726.859,0.087982
692.319,0.053599
639.605,0.0187623
1011.58,0.119951
839.549,0.0797106
782.887,0.121235
661.635,0.0793192
728.893,0.099177
782.605,0.0201654
918.019,0.122208
807.84,0.0378929
170.545,0.00930386
441.37,0.0608539
337.602,68.3799
370.799,68.978
93.4213,16.4786
490.183,0
619.224,0.0888953
26.4972,0.00521153
27.4589,1.18968
728.125,0.0465239
862.497,0.00205005
1174.42,0.0629922
775.711,0.0153899
690.514,0.0297771
1410.68,0.022631
4574.36,0
4627.69,2.64471
48.7845,62.85
4613.89,3.07653
3249.93,1.44621
19.8692,0
4478.62,3.47726
3973.31,3.12985
4030.24,5.24871
4694.65,3.97477
2769.01,14.206
10316.3,4.59739
5018.67,2.01618
132.945,0.273839
147.716,0.273712
145.983,0.0867197
771.802,0.0961192
636.39,0.0290673
816.675,0.0755807
745.784,0.0522931
1420.91,0.106096
999.178,0.0695982
764.498,0.0856706
718.019,0.0683856
869.248,0.0945589
1356.67,0.0795301
1192.62,0.00419631
682.022,0.125561
809.602,0.122856
775.744,0.0135714
1253.88,0.108332
608.964,0.0510263
621.155,0.055018
1060.5,0.11765
1215.3,0.0863559
991.036,0.0913694
663.089,0.0463193
1365.73,0.0702255
728.904,0.100577
665.544,0.131877
851.407,0.0600592
782.602,0.0568848
692.29,0.0275542
767.495,0.113405
299.088,0.0663256
1177.24,0.0432957
137.158,56.8981
176.305,43.327
174.758,37.8314
493.086,0
742.441,0.0424245
70.16,0.0332124
688.151,0.0689754
36.5441,20.858
57.5992,103.226
194.006,74.918
495.262,0
760.082,0.0641144
809.324,0.039825
678.275,0.0828752
1411.15,0.0664653
622.607,0.0278678
630.745,0.0414121
640.526,0.0822012
654.338,0.102273
796.281,0.0419449
782.046,0.0653661
785.802,0.0585835
696.787,0.0714931
743.919,0.0525738
177.549,0.0481887
75.5122,0
68.7314,0
516.415,0.211204
548.329,0.232126
464.621,0.314132
801.715,0.023456
708.305,0.0500674
549.397,0.127112
135.416,0.00369989
136.153,13.858
1226.08,0.0716108
43.261,0.0128261
671.923,0.0153933
33.9733,11.8935
52.6531,13.0258
65.3255,35.3263
71.3325,19.5677
117.612,48.4237
154.362,29.7347
205.613,53.2805
177.796,112.075
538.711,0
681.351,0.0613174
709.141,0.10768
752.239,0.105202
712.924,0.109488
749.541,0.0493032
970.926,0.124453
770.625,0.0364986
722.164,0.0392778
779.076,0.0521206
713.177,0.0791033
787.97,0.0586923
883.922,0.128231
786.348,0.205269
814.274,0.00423329
623.256,0.0298795
925.686,0.0441518
715.048,0.13021
784.591,0.011137
862.801,0.0737029
642.105,0.0450387
717.803,0.0389074
748.807,0.0175062
753.552,0.0333346
877.971,0.047557
809.334,0.0867871
701.612,0.0853965
760.477,0.218742
681.218,0.0837509
1303.87,0.032591
1119.49,0.105244
869.325,0.0748271
1264.34,0.0491559
860.33,0.0344233
628.975,0.07222
282.985,0.0586661
367.662,0.0226219
210.715,7.20576
247.426,16.87
184.61,37.9922
4.28455,7.87848
754.769,0.0461661
796.741,0.110928
1346.74,0.0352651
707.943,0.0212507
863.698,0.0356089
669.789,0.062942
843.495,0.0679532
741.933,0.0590618
1051.22,0.0869725
1014.1,0.0488339
590.072,0.0917999
104.637,0.0212336
143.041,5.93102
723.935,0.0708027
734.145,0.0272228
819.655,0.0653408
804.57,0.0501202
1296.85,0.0245878
1062.13,0.0460694
829.274,0.0725506
722.585,0.0838435
893.037,0.125601
747.341,0.17562
1113.6,0.105096
360.543,4.68675
387.015,0.0463638
2315.33,0
809.193,0.0566489
1188.33,0.0502705
692.457,0.0640948
194.24,0.0307965
531.957,0.0781264
108.828,59.7933
174.006,64.1836
196.034,55.9701
648.422,0
778.709,0.0319552
674.244,0.0621543
818.159,0.0347809
765.114,0.0604861
777.574,0.122251
49.8337,0.00733886
34.1249,72.088
22.5688,32.0112
29.2062,21.8393
77.2003,21.2118
20.7115,29.2826
21.8301,69.6921
23.0763,28.5878
41.2888,17.9609
30.1908,69.8771
26.1799,30.8235
48.5321,37.6593
54.7269,31.9342
71.5662,100.229
89.4564,55.3374
72.299,108.285
30.7044,63.9611
73.1609,53.7396
62.1952,143.79
107.121,0
792.427,0.0715504
711.393,0.0363858
690.534,0.020728
764.713,0.00916597
1295.08,0.0393805
1040.6,0.034288
915.109,0.0926398
853.265,0.185549
852.116,0.05175
623.318,0.0485831
122.016,0.0282531
52.9114,13.8086
53.2562,11.02
36.5598,23.9608
25.9305,23.899
284.078,0.0521011
428.953,0.0541437
29.7311,0.0156337
47.3453,26.2123
3.18299,14.1731
135.274,22.0157
178.25,32.8175
449.441,9.51628
46.6384,2.68381
772.501,0.0381497
599.757,0.0366641
696.736,0.0653188
724.399,0.00918518
659.078,0.0688951
1019.79,0.161137
737.519,0.0396088
636.375,0.0674174
695.988,0.0440136
708.699,0.0204711
708.176,0.0767169
840.443,0.0306951
794.76,0.0302998
637.235,0.0539966
582.763,0.0218715
758.707,0.0273086
696.079,0.0903967
340.96,1.30845
542.567,0.054197
786.404,0.0150228
2143.03,0.0757258
682.032,0.0746512
642.802,0.018093
135.981,0.0280802
745.81,0.0783693
93.9981,14.1036
194.671,7.91146
175.233,10.0562
180.139,117.598
241.736,56.024
127.704,82.6084
69.2379,33.3197
105.742,29.2914
249.711,102.557
201.45,65.4543
744.846,0
619.577,0.0711129
227.774,0.0273975
161.337,79.3799
107.394,79.119
163.669,25.4204
68.1626,60.3778
66.825,19.1966
40.3689,42.6739
32.4901,48.2145
40.862,117.499
54.7199,29.7146
77.2438,139.638
101.808,94.7307
288.951,0
1104.84,0.10376
780.918,0.0164073
644.999,0.0924975
995.934,0.0698215
1003.91,0.0880334
1046.65,0.0287072
687.853,0.0478463
709.265,0.112735
730.58,0.00590346
683.294,0.0480849
1106.95,0.0145146
682.441,0.0401756
694.732,0.0674956
692.253,0.051812
837.184,0.0451476
778.834,0.0529033
843.706,0.0758903
734.747,0.0123768
820.523,0.0422261
733.847,0.0431002
696.944,0.0518748
700.174,0.0352577
761.323,0.0380705
697.399,0.018349
246.899,0.0324857
2835.37,0
8707.33,0
4122.86,0
6752.35,3.06227
7686.36,2.10905
2006.28,0
6266.82,1.11721
7235.24,1.74489
6874.01,4.53588
5745.26,1.94334
29.1375,0
4962.49,7.06612
515.716,5.96667
4720.78,7.7997
2350.76,6.46266
7.86727,0
4152.71,2.55583
3903.86,1.16862
4246.31,1.77136
5060.54,3.92954
111.073,7.33564
4053.27,1.99231
4184.15,3.56628
4350.1,3.50675
4943.11,1.99998
4717.85,4.3302
6049,5.81787
5236.74,0.794575
4311.69,2.37941
0.189561,0.983784
0.0173636,34.13
0.285397,18.4268
0.0692328,33.2151
0.0265515,19.2622
0.0710522,12.7437
0.120071,15.9833
0.710763,61.4137
0.617911,41.891
0.154897,52.6122
1.06523,71.375
0.602052,79.0259
0.17837,49.6401
0.387087,71.3171
0.648965,65.3989
0.584444,35.8507
0.0216099,39.5477
9899.84,2.64022
3823.73,7.29275
1846.87,1.47339
177.349,55.7655
193.516,84.7006
501.898,0
5820.92,3.41201
3487.59,0.40676
887.593,0.472582
1471.24,0.208144
462.466,0.23149
774.435,0.0876068
799.001,0.0465853
774.719,0.0828345
1180.56,0.0932438
671.635,0.0990706
674.129,0.123305
810.892,0.0268275
82.8218,25.3767
80.1222,13.3747
69.5922,7.79973
101.923,23.7689
123.735,11.8816
198.345,69.2949
100.894,22.9332
87.3269,25.0001
66.6758,40.214
68.5063,29.9517
51.043,93.9514
16.8097,15.124
10.371,0
17.1526,0
794.044,0.0252504
637.091,0.0884571
622.097,0.135398
1354.54,0.0566717
910.516,0.0571522
1032.45,0.072567
0.0545267,15.9214
0.0626563,9.42527
479.026,0.0747744
251.224,0.0239347
162.808,111.888
92.6124,45.1374
210.506,28.7977
58.2397,51.2065
50.152,18.1905
41.7839,37.2598
63.3983,33.0889
64.0073,106.494
47.2919,53.9317
45.1493,27.5511
44.716,61.2255
34.0132,46.9962
53.7026,51.2522
145.9,0
674.867,0.0292549
785.681,0.0589331
1332.59,0.0750163
696.583,0.0703949
705.337,0.0290818
868.268,0.0969023
1147.5,0.0620765
813.44,0.0292845
668.656,0.0217582
686.69,0.0484276
1534.13,0.0381935
720.92,0.0650043
789.256,0.0206466
688.632,0.0230849
718.188,0.0994916
827.641,0.0270749
858.05,0.023515
846.746,0.0426328
160.457,0.0220756
68.4912,23.1419
31.5519,1.52573
710.344,0.0426463
639.782,0.064689
818.196,0.0686387
974.787,0.0640822
710.508,0.023112
1053.96,0.0765133
780.071,0.0363416
683.702,0.049529
657.537,0.0453162
834.299,0.015016
655.816,0.0393904
884.936,0.0288753
827.147,0.0783517
772.099,0.0615768
682.115,0.0569731
1025.6,0.130414
755.853,0.0462086
1174.08,0.0225828
918.46,0.0635017
776.153,0.055247
1261.4,0.0391341
644.81,0.0468218
717.63,0.0151576
686.349,0.397481
818.21,0.0124422
1074.41,0.0426865
855.313,0.083182
803.407,0.0819212
658.502,0.0737094
905.878,0.0217767
910.483,0.0222829
852.981,0.0581941
628.203,0.0372188
864.76,0.127842
715.94,0.0879805
720.135,0.0673768
668.692,0.0831173
815.007,0.0904307
734.729,0.0374228
704.919,0.0340114
1080.45,0.0927227
884.334,0.0789935
697.972,0.0901304
1104.05,0.0987647
897.981,0.0305357
763.354,0.0448934
986.898,0.0358224
690.622,0.118493
1586.16,0.147468
768.143,0.0416075
802.05,0.0374528
573.01,0.0539298
86.197,0.0167223
47.8405,14.7671
55.2714,13.7777
0.745035,0.42533
1033.94,0.0321567
1166.7,0.0473756
655.988,0.05039
626.067,0.0524715
799.642,0.115748
1026.96,0.0743019
742.006,0.0726052
623.364,0.0495516
919.178,0.0276132
687.589,0.048276
828.329,0.0694233
771.057,0.0787034
944.474,0.0488352
660.656,0.0356571
718.302,0.119434
698.64,0.029252
671.367,0.0263789
782.839,0.019809
791.645,0.0427902
295.293,0.0473261
1023.11,0.0562473
133.949,52.8285
85.8453,39.3999
662.24,0
711.395,0.0220783
617.559,0.0282125
798.229,0.0685798
730.422,0.0690433
821.652,0.0553297
798.611,0.0504176
696.288,0.0135037
781.778,0.0200763
812.345,0.200434
691.681,0.0671891
898.578,0.0729787
943.019,0.0479254
1235.98,0.0256914
706.126,0.0529291
712.425,0.12132
768.664,0.0163488
657.478,0.0664448
917.686,0.043912
1296.04,0.0213374
673.405,0.0433473
950.558,0.0595411
1360.87,0.118377
1036.88,0.0688274
749.6,0.0777728
178.173,0.0434227
103.095,16.5073
53.6633,3.21892
32.7461,15.816
19.8843,8.2538
893.851,0.0886428
666.893,0.061923
997.849,0.244739
769.035,0.0248362
35.0734,0.0101368
46.1558,12.295
5.39989,12.3939
690.957,0.0414429
682.148,0.0705822
810.027,0.0418415
664.65,0.065306
953.773,0.0837588
679.307,0.0591501
733.72,0.085082
678.818,0.0163949
721.928,0.0487704
939.016,0.0123252
687.686,0.139866
1036.5,0.117636
687.93,0.0303851
1511.3,0.0356919
883.453,0.0666655
696.1,0.0586309
659.704,0.0127497
877.407,0.0361537
1024.75,0.0762275
819.436,0.0194663
705.807,0.0725904
685.846,0.0278245
651.528,0.0457409
781.978,0.0529242
1319.42,0.0829098
710.663,0.0293797
865.018,0.0736156
856.592,0.0292041
1044.96,0.0418056
1260.83,0.0566256
762.846,0.0327269
851.775,0.0294562
1646.28,0.0504254
986.519,0.130037
884.272,0.103049
757.518,0.0128794
744.054,0.0680282
760.855,0.115458
795.334,0.0700252
708.034,0.0896519
906.693,0.128759
678.42,0.0281746
779.463,0.0415173
753.905,0.0428619
699.73,0.046426
880.235,0.0468934
711.091,0.0338817
717.8,0.0551385
821.407,0.0189099
763.145,0.0394656
788.172,0.0502993
820.955,0.0384851
697.919,0.0387205
844.026,0.0867909
838.259,0.0725612
860.163,0.03041
721.21,0.0773173
806.169,0.0702405
842.907,0.0499983
817.773,0.0313675
796.866,0.0336358
658.778,0.0781922
899.433,0.055467
970.845,0.0703552
1011.67,0.0471075
125.646,0.0572176
609.592,0.0624521
125.015,27.6747
82.6265,50.392
164.722,28.8706
152.754,96.1428
226.37,77.8315
126.314,9.91133
163.503,93.0552
47.8454,41.8649
123.219,96.6869
58.177,43.8218
104.911,115.847
67.0526,0
753.863,0.0834555
723.926,0.0401058
682.772,0.249755
928.487,0.0484052
1230.56,0.0568107
862.209,0.0313555
733.876,0.0198009
1042.43,0.0201
749.943,0.0759775
46.8647,0.0454435
726.646,0.054088
794.142,7.33176
1164.82,0.0550057
796.565,0.0843582
661.019,0.0540563
315.437,0.0122528
684.032,0.0280789
881.263,14.271
244.363,17.3413
778.664,0.053087
691.929,0.0442673
744.161,0.0462056
684.402,0.0760043
710.352,0.0899896
833.129,0.0957395
199.576,0.0421145
417.562,0.0498234
151.088,84.059
239.693,68.5993
281.532,34.8345
138.596,64.0207
64.9153,103.863
88.1315,18.5853
76.9683,38.0507
44.689,73.9604
80.6233,43.1294
127.227,151.684
131.429,0
1264.31,0.139189
765.454,0.0574861
1452,0.0560925
166.769,0.009191
9695.13,0
7462.67,0
2329.6,4.14425
4031.37,0.0850071
4324.92,12.0471
4132.93,6.28127
61.1101,94.7729
2946.18,3.19473
727.076,0.0746033
793.058,0.068939
777.456,0.0398035
772.923,0.106415
1184.67,0.0617876
952.476,0.0573054
805.365,0.0784312
664.242,0.0688232
806.926,0.0513417
686.138,0.0722332
886.019,0.139975
832.517,0.0783628
875.28,0.0631017
681.358,0.0547202
699.474,0.023247
785.123,0.0320587
748.933,0.185409
821.024,0.10944
971.365,0.138217
770.844,0.0736203
782.11,0.0628714
861.032,0.0236853
793.526,0.0329453
1022.98,0.0661887
689.361,0.0479344
684.162,0.0347507
612.205,0.0539933
762.126,0.100032
674.024,0.0669222
789.465,0.0287985
659.439,0.0828781
753.996,0.0779194
654.07,0.0357773
775.524,0.114011
689.473,0.115279
708.603,0.0600404
761.681,0.0392036
757.532,0.143613
795.102,0.0867716
717.404,0.054143
227.897,0.0197346
476.081,0.0645298
142.679,29.2333
649.061,0
684.35,0.0152304
729.984,0.0297149
683.764,0.0858719
774.114,0.0457597
678.916,0.0678885
676.593,0.0986476
650.807,0.0566098
834.762,0.0327527
748.191,0.010302
744.777,0.00644174
793.11,0.111421
787.835,0.054074
912.739,0.109824
1028.42,0.0189444
1075.95,0.10277
729.281,0.0703251
898.442,0.0376908
1091.95,0.0226876
697.896,0.119875
745.916,0.00923994
733.079,0.0696678
708.88,0.0732767
843.827,0.0506996
789.642,0.0346404
795.326,0.224257
806.117,0.0546989
639.407,0.0653922
23.6108,0.00955128
41.7908,13.8367
4.50256,7.01282
680.723,0.043923
705.293,0.0371063
898.245,0.0822478
851.995,0.0335444
685.001,0.0901792
683.966,0.0312355
881.105,0.100381
695.962,0.0346955
638.861,0.09278
794.24,0.0658706
748.458,0.0659682
823.511,0.056938
732.195,0.0376149
819.359,0.0538886
692.429,0.0764844
784.942,0.0835709
902.579,0.221319
739.315,0.0917844
60.6924,0.0232636
606.053,0.0773067
44.5261,10.6143
68.5291,20.703
105.802,11.3486
177.574,42.733
139.861,50.5295
158.597,18.7967
40.7739,35.4977
51.3662,54.1197
0.0674653,4.61543
711.707,0.0319135
851.486,0.104799
736.924,0.0263734
707.141,0.06664
1105.16,0.0993255
698.545,0.0221771
766.024,0.118953
703.65,0.0647847
769.185,0.098841
726.363,0.0133916
890.917,0.026361
766.946,0.00955547
970.644,0.0848534
676.558,0.127589
930.243,0.0230209
0.0170802,42.4271
0.0180981,57.0069
0.211804,36.5355
0.0292356,40.6206
0.179893,32.8347
0.0863339,82.4515
1.0916,46.6153
786.889,0.114904
946.157,0.0257871
848.037,0.04796
643.338,0.0381707
812.436,0.0305087
1368.24,0.0818636
642.502,0.0622474
823.023,0.0221066
839.281,0.035741
1299.55,0.0222742
640.021,0.0937888
688.617,0.06255
881.601,0.0819413
650.111,0.073331
1239.29,0.206713
494.103,0.0829659
525.14,0.0796547
188.301,28.2378
129.697,9.50442
150.912,35.5325
49.4548,67.4604
47.9749,21.6656
22.4754,18.4964
690.786,0.153508
809.266,0.122827
789.67,0.0209561
743.823,0.059457
793.098,0.0901508
78.2038,0.0355195
460.33,4.79867
699.808,0.0444502
799.998,0.0142071
857.618,0.0539799
730.896,0.0099514
1074.23,0.0312423
701.748,0.101015
716.865,0.0610463
799.707,0.0770992
754.713,0.0234282
843.818,0.00811683
660.685,0.131783
787.925,0.0902051
738.544,0.0690341
771.054,0.11375
938.703,0.048344
753.764,0.123438
881.471,0.140928
712.868,0.0311173
462.45,0.0220356
270.227,0.0572629
131.91,8.81395
61.1534,8.97638
86.7703,17.8607
4.94925,7.25281
706.338,0.0911748
735.649,0.0534714
994.775,0.020886
734.469,0.0673028
753.384,0.0783661
761.669,0.0265126
721.026,0.0789796
681.108,0.0385253
770.004,0.124128
829.115,0.0421996
672.324,0.0329227
799.149,0.01098
97.8436,0.00721797
29.146,24.5819
23.5826,23.1805
18.479,25.2363
1139.5,0.0452065
820.939,0.0646589
734.337,0.0941539
788.137,0.0742827
852.638,0.111363
702.613,0.137287
708.573,0.103112
1251.83,0.0880177
773.368,0.0310152
698.047,0.0241396
706.772,0.14781
766.718,0.157772
384.44,0.0468532
530.486,0.0910009
104.624,23.4448
266.497,41.0542
191.011,72.5464
154.915,129.642
93.792,11.4384
71.0375,31.4195
64.581,69.5966
126.089,16.281
19.0606,22.8214
10.371,0
33.8802,0
737.666,0.0547574
989.452,0.0540533
720.439,0.061965
786.385,0.0423479
739.049,0.0840212
927.201,0.0388456
665.065,0.0106377
746.87,0.112183
1010.99,0.0401505
809.398,0.0158638
735.635,0.0287689
844.125,0.0642963
926.341,0.0384484
686.082,0.0104601
542.9,0.0459555
138.889,0.0201271
81.0684,23.7533
61.6643,89.556
61.9418,31.6632
76.8803,17.6156
80.4266,59.4928
120.876,48.8333
237.89,107.5
413.772,0
686.114,0.042155
742.447,0.0820501
701.243,0.128337
672.829,0.0737863
812.332,0.053804
761.685,0.0721192
615.306,0.0439523
674.164,0.0707501
808.127,0.00647387
522.991,0.0102266
211.248,0.0290506
130.85,11.4029
84.9947,7.50409
66.9712,26.7754
1.21489,0.558487
743.899,0.0871755
916.447,0.104304
717.36,0.02122
767.094,0.0612351
649.994,0.0413697
825.248,0.0304989
656.433,0.0830432
818.897,0.111102
877.772,0.0808544
1430.02,0.0241232
919.571,0.0423484
963.826,0.0937604
762.147,0.0507372
1086.07,0.132298
733.532,0.0566135
395.533,0.059757
103.946,0.0211794
220.509,0.0180121
158.992,28.9347
102.627,20.3349
30.5842,90.0523
29.3185,15.8254
32.4751,37.9903
42.1505,20.6066
48.5742,49.8272
40.7948,44.8067
73.1804,53.2432
113.305,40.556
442.7,0
550.884,78.7565
87.6383,68.5317
134.003,49.6543
524.04,0
914.34,0.0525694
973.917,0.121062
772.343,0.0180658
674.472,0.0632343
746.059,0.0084307
853.859,0.083799
803.961,0.0522945
784.386,0.015473
636.088,0.0596326
1113.74,0.10511
697.785,0.192693
746.925,0.0615792
963.861,0.141407
902.595,0.0463723
692.616,0.0809033
632.69,0.0316885
878.226,0.134417
1366.81,0.0618022
1142.89,0.0175666
861.966,0.0576692
801.377,0.0295602
752.56,0.0896363
756.865,0.68098
811.885,0.0330606
889.721,0.0285937
825.445,0.0431906
682.982,0.0651404
1158.62,0.0794184
1133.47,0.105851
690.236,0.0203511
1362.25,0.119386
694.85,0.0657203
1128.6,0.0998484
695.433,0.0989991
780.55,0.0151183
774.258,0.0492928
702.853,0.109712
143.406,0.0555233
172.626,7.42471
1658.38,0.0521879
892.404,0.0553444
865.07,0.0851114
933.697,0.0522794
624.513,0.0747952
953.399,0.0844855
501.61,0.0556901
358.21,0.0283755
155.812,34.714
111.197,26.0862
85.3251,9.78784
140.161,4.90983
61.4559,24.1811
202.436,169.277
178.454,0
106.302,0
791.884,0.0367757
1013.17,0.0502948
835.15,0.0120726
746.58,0.0974878
3.15273,9.46937
1.80884,49.888
3.47958,53.557
3.40125,11.0662
1.82858,28.3851
0.437515,50.2008
1.25145,30.2683
1.7255,23.9554
1.38061,46.5605
2.40683,11.5596
1.35169,8.3303
0.514678,42.5507
2.36854,75.5864
5.16477,28.2793
1.62905,25.623
4.06384,101.053
2.9107,5.15529
1.46832,38.4378
4.27281,40.8539
4.14277,76.4989
3.42107,92.483
11.627,60.6607
3.93974,56.8172
0.015256,8.27931
828.285,0.0316649
675.619,0.0520404
0.0149051,11.336
0.0404887,12.6265
0.0806957,40.8887
0.0317374,38.2989
0.215504,21.3838
0.0575161,22.9117
0.850912,10.0595
2.45836,5.99807
0.44324,20.4811
0.0454555,22.8611
0.659369,15.077
0.665968,28.3644
0.299999,67.7767
0.338027,40.6031
0.441829,22.1511
1.24948,58.5331
4.08504,0
749.665,0.0469948
726.436,0.0520886
638.924,0.0615106
739.066,0.0414503
878.202,0.0852543
704.292,0.0841029
723.359,0.119698
680.528,0.0687194
757.98,0.0595909
713.654,0.0102401
933.601,0.0707959
782.474,0.0123389
754.978,0.0698294
721.199,0.0933577
719.489,0.0972407
506.888,0.0560729
297.001,0.0160202
122.669,58.139
400.719,69.7561
298.729,0
737.742,0.0523533
792.596,0.0639666
226.77,0.0836424
425.518,0.0137476
177.159,8.90371
245.395,17.5769
16.6101,1.82077
163.204,31.7326
72.3717,11.112
60.8929,57.4195
36.5676,36.7717
72.4922,19.8262
90.1167,27.4984
43.0782,48.5209
36.9054,40.5963
32.0953,63.5884
27.48,44.8869
995.012,0.0232819
793.648,0.0487606
742.724,0.0430194
648.569,0.0549611
729.463,0.0622771
778.14,0.0294767
265.863,0.0350667
153.487,128.931
119.795,85.0316
155.938,123.345
140.303,103.004
291.548,0
744.886,0.0561586
261.303,0.0700447
421.671,0.049052
152.951,58.4444
235.691,16.2318
593.36,0
947.079,0.0471602
816.123,0.0326353
656.432,0.0733735
840.346,0.0190336
726.245,0.0534705
991.262,0.0239503
618.35,0.0459516
707.305,0.0954649
706.152,0.126287
699.327,0.1368
801.705,0.0596895
673.327,0.0454223
812.369,0.0476087
1494.47,0.0366979
223.764,0.0596953
512.252,0.0739808
377.743,38.0045
656.626,38.6311
693.598,0.0169009
708.943,0.109177
720.429,0.0793752
788.317,0.0774077
747.482,0.0416145
709.833,0.0309018
741.03,0.0296593
924.197,0.199985
769.517,0.0596788
672.916,0.0358083
693.223,0.159361
745.818,0.0848767
817.357,0.0538974
967.44,0.0653907
791.441,0.0717204
1041.24,0.0239186
736.099,0.03465
732.305,0.0549007
685.797,0.0451644
17.906,0.00828559
10.1882,1.74073
669.181,0.112536
964.236,0.00225884
688.187,0.0599514
765.848,0.0230724
1177.72,0.0443164
1679.05,0.0276213
286.838,0.06316
1463.55,0.0375999
590.669,11.5189
767.181,0.0886781
686.263,0.0253799
971.888,0.0737292
721.006,0.105311
603.926,0.0273334
771.494,0.0926178
811.916,0.0509172
703.321,0.0610494
657.474,0.084821
607.271,0.0612768
794.074,0.0590958
661.761,0.0456739
651.885,0.0517512
707.519,0.11039
725.61,0.120901
729.025,0.0467252
691.427,0.0610843
99.7831,0.0366023
930.728,0.0097347
57.9273,42.4054
420.734,51.0397
349.913,0
600.391,0.0499989
1081.05,0.0443765
469.605,0.0574727
517.81,0.0166867
255.424,25.933
76.0051,26.0763
846.696,0.031171
777.084,0.0280325
861.097,0.0773163
794.686,0.0725249
625.248,0.0689134
690.347,0.0593029
773.802,0.0178546
688.716,0.087769
763.285,0.0401689
635.792,0.045506
1409.52,0.104794
706.38,0.0488755
916.629,0.0775215
895.684,0.08468
772.148,0.117652
717.163,0.0688827
1276.38,0.0632851
480.524,0.0545735
524.215,0.0493809
169.991,12.8721
243.041,99.4207
95.54,23.3919
143.854,125.24
555.656,0
668.606,0.156046
855.483,0.122002
678.808,0.0602816
128.37,1.04889
540.553,0.0275053
115.071,0
732.184,0.0547386
677.74,0.0700863
730.715,0.0101639
1181.32,0.0516785
887.255,0.104345
825.26,0.0421423
1183.19,0.0295619
776.134,0.0118924
892.199,0.0684774
1460.22,0.0484519
